{
  "recipes": [
    {
      "makerId": "Sieve01",
      "ingredients": [ "Mepssalgaru" ],
      "resultSprite": "Sieve_Mepssalgaru"
    },
    {
      "makerId": "Sieve01",
      "ingredients": [ "Chapssalgaru" ],
      "resultSprite": "Sieve_Chapssalgaru"
    },
    {
      "makerId": "Sieve02",
      "ingredients": [ "Mepssalgaru" ],
      "resultSprite": "Sieve_Mepssalgaru"
    },
    {
      "makerId": "Sieve02",
      "ingredients": [ "Chapssalgaru" ],
      "resultSprite": "Sieve_Chapssalgaru"
    },
    {
      "makerId": "Sieve03",
      "ingredients": [ "Mepssalgaru" ],
      "resultSprite": "Sieve_Mepssalgaru"
    },
    {
      "makerId": "Sieve03",
      "ingredients": [ "Chapssalgaru" ],
      "resultSprite": "Sieve_Chapssalgaru"
    },
    {
      "makerId": "Mixing01",
      "ingredients": [ "Sieve_Mepssalgaru", "Water" ],
      "resultSprite": "Mixing_Mepssal"
    },
    {
      "makerId": "Mixing01",
      "ingredients": [ "Sieve_Chapssalgaru", "Water" ],
      "resultSprite": "Mixing_Chapssal"
    },
    {
      "makerId": "Mixing01",
      "ingredients": [ "Danhobakgaru", "Water" ],
      "resultSprite": "Mixing_Danhobak"
    },
    {
      "makerId": "Mixing01",
      "ingredients": [ "Mugwortgaru", "Water" ],
      "resultSprite": "Mixing_Mugwort"
    },
    {
      "makerId": "Mixing01",
      "ingredients": [ "Water", "Baeknyeonchogaru" ],
      "resultSprite": "Mixing_Baeknyeoncho"
    },
    {
      "makerId": "Mixing02",
      "ingredients": [ "Sieve_Mepssalgaru", "Water" ],
      "resultSprite": "Mixing_Mepssal"
    },
    {
      "makerId": "Mixing02",
      "ingredients": [ "Sieve_Chapssalgaru", "Water" ],
      "resultSprite": "Mixing_Chapssal"
    },
    {
      "makerId": "Mixing02",
      "ingredients": [ "Water", "Mugwortgaru" ],
      "resultSprite": "Mixing_Mugwort"
    },
    {
      "makerId": "Mixing02",
      "ingredients": [ "Water", "Danhobakgaru" ],
      "resultSprite": "Mixing_Danhobak"
    },
    {
      "makerId": "Mixing02",
      "ingredients": [ "Water", "Baeknyeonchogaru" ],
      "resultSprite": "Mixing_Baeknyeoncho"
    },
    {
      "makerId": "Siru01",
      "ingredients": [ "Mixing_Mepssal" ],
      "resultSprite": "Baekseolgi_finish"
    },
    {
      "makerId": "Siru01",
      "ingredients": [ "Mixing_Chapssal" ],
      "resultSprite": "Siru_Chapssal"
    },
    {
      "makerId": "Siru01",
      "ingredients": [ "Mixing_Danhobak" ],
      "resultSprite": "Danhobakseolgi_finish"
    },
    {
      "makerId": "Siru01",
      "ingredients": [ "Mixing_Mepssal", "Mixing_Danhobak", "Mixing_Mugwort", "Mixing_Baeknyeoncho" ],
      "resultSprite": "Rainbowseolgi_finish"
    },
    {
      "makerId": "Siru01",
      "ingredients": [ "Mixing_Mugwort" ],
      "resultSprite": "Siru_Mugwort"
    },
    {
      "makerId": "Siru01",
      "ingredients": [ "Mixing_Mepssal", "Grind_Redbean", "Grind_Redbean" ],
      "resultSprite": "Redbeansiru_finish"
    },
    {
      "makerId": "Siru02",
      "ingredients": [ "Mixing_Mepssal" ],
      "resultSprite": "Baekseolgi_finish"
    },
    {
      "makerId": "Siru02",
      "ingredients": [ "Mixing_Chapssal" ],
      "resultSprite": "Siru_Chapssal"
    },
    {
      "makerId": "Siru02",
      "ingredients": [ "Mixing_Danhobak" ],
      "resultSprite": "Danhobakseolgi_finish"
    },
    {
      "makerId": "Siru02",
      "ingredients": [ "Mixing_Rainbow" ],
      "resultSprite": "Rainbowseolgi_finish"
    },
    {
      "makerId": "Siru02",
      "ingredients": [ "Mixing_Mepssal", "Mixing_Danhobak", "Mixing_Mugwort", "Mixing_Baeknyeoncho" ],
      "resultSprite": "Rainbowseolgi_finish"
    },
    {
      "makerId": "Siru02",
      "ingredients": [ "Mixing_Mugwort" ],
      "resultSprite": "Siru_Mugwort"
    },
    {
      "makerId": "Grinder",
      "ingredients": [ "Redbean" ],
      "resultSprite": "Grind_Redbean"
    },
    {
      "makerId": "Grinder",
      "ingredients": [ "Siru_Chapssal" ],
      "resultSprite": "Injeolmibanjuk"
    },
    {
      "makerId": "Grinder",
      "ingredients": [ "Siru_Mugwort" ],
      "resultSprite": "MugwortInjeolmibanjuk"
    },
    {
      "makerId": "Deco",
      "ingredients": [ "Konggaru", "Injeolmibanjuk" ],
      "resultSprite": "Injeolmi_finish"
    },
    {
      "makerId": "Deco",
      "ingredients": [ "Konggaru", "MugwortInjeolmibanjuk" ],
      "resultSprite": "MugwortInjeolmi_finish"
    }
  ]
}