{
  "entries": [
    {
      "name": "백설기",
      "image": "Baekseolgi",
      "description": "백설기는 하얗고 깨끗한 색을 지녀\n예로부터 순수와 복을 상징하는 떡으로 여겨졌습니다.\n특히 아이의 첫 생일(돌)이나 집안의 경사스러운 날에\n빠지지 않고 올리는 귀한 떡이라고 알려져 있습니다.",
      "recipe": [
        "1. 맵쌀가루를 체에 칩니다.",
        "2. 체 친 멥쌀가루, 물을 넣고 반죽합니다.",
        "3. 멥쌀가루 반죽을 찜기에 넣고 찝니다."
      ],
      "category": "떡"
    },
    {
      "name": "단호박설기",
      "image": "Danhobakseolgi",
      "description": "단호박설기는 전통 설기에 가을철 영양식재료인\n단호박을 더해 풍미를 높인 떡입니다.\n단호박으로 만들어진 노란빛은 복과 태양을 상징하여,\n예부터 풍요와 건강을 기원하는 의미로 즐겨 먹었다고 합니다.",
      "recipe": [
        "1. 단호박 가루를 만듭니다.\n(방앗간에서 제조 가능)",
        "2. 체 친 단호박 가루, 물을 넣고 반죽합니다.",
        "3. 단호박 반죽을 찜기에 넣고 찝니다."
      ],
      "category": "떡"
    },
    {
      "name": "무지개떡",
      "image": "Rainbowseolgi",
      "description": "무지개떡은 색색의 쌀가루 층을 겹겹이 쌓아 찐 떡으로,\n조화, 화합, 희망의 상징으로 여겨집니다.\n돌잔치, 결혼식, 개업식, 생일 등 축하 자리에 자주 올리며,\n복이 층층이 쌓이기를 기원하는 마음이 담겨 있습니다.",
      "recipe": [
        "1. 백년초로 백년초 가루를,\n쑥으로 쑥 가루를,\n단호박으로 단호박 가루를 만들고,\n백년초 가루를 체에 칩니다.",
        "2. 가루들과 물을 섞어\n무지개 반죽을 만듭니다.",
        "3. 무지개 반죽을 찜기에 넣고 찝니다."
      ],
      "category": "떡"
    },
    {
      "name": "팥시루떡",
      "image": "Sirutteok",
      "description": "팥시루떡은 ‘시루’라는 전통 찜틀에\n쌀가루와 고물을 켜켜이 담아 쪄낸 떡입니다.\n고사, 제사, 돌잔치, 입학식 등 중요한 날에\n행운과 건강, 번영을 기원하며\n만드는 대표적인 의례용 떡이기도 합니다.",
      "recipe": [
        "1. 멥쌀가루를 체에 칩니다.",
        "2. 체 친 멥쌀가루, 물을 넣고 반죽합니다.",
        "3. 팥을 으깨줍니다.",
        "4. 멥쌀가루 반죽, 팥을 두개씩\n찜기에 넣고 찝니다."
      ],
      "category": "떡"
    },
    {
      "name": "인절미",
      "image": "Injeolmi",
      "description": "인절미는 찹쌀떡을 찐 후 쳐서 (절구로 두드려) 만든 뒤,\n먹기 좋게 썰어 콩고물을 묻힌 쫀득하고 고소한 국민 떡입니다.\n임진왜란 시기, 왕에게 올렸던 찹쌀떡이\n인절미의 기원이 되었다는 설화도 전해져 내려옵니다.",
      "recipe": [
        "1. 찹쌀가루를 체에 칩니다.",
        "2. 체 친 찹쌀가루, 물을 넣고 반죽합니다.",
        "3. 찹쌀가루 반죽을 찜기에 넣고 찝니다.",
        "4. 찐 찹쌀가루 반죽을 치댑니다.",
        "5. 인절미 반죽에 콩가루를 묻힙니다."
      ],
      "category": "떡"
    },
    {
      "name": "쑥인절미",
      "image": "SsookInjeolmi",
      "description": "쑥 인절미는 전통 인절미에\n봄철 약초인 쑥을 더해 만든 건강 떡입니다.\n예로부터 쑥은 액운을 쫓고 몸을 따뜻하게 한다 하여,\n봄철 기력 회복과 부정 방지의 의미로 자주 먹었다고 합니다.",
      "recipe": [
        "1. 쑥을 가루로 만듭니다.",
        "2. 체 친 쑥 가루, 물을 넣고 반죽합니다.",
        "3. 쑥 가루 반죽을 찜기에 넣고 찝니다.",
        "4. 찐 쑥 가루 반죽을 치댑니다.",
        "5. 쑥인절미 반죽에 콩가루를 묻힙니다."
      ],
      "category": "떡"
    },
    {
      "name": "유자차",
      "image": "Yujacha",
      "description": "수백 년 전부터 먹어왔다는 기록이 있다..\n새콤달콤한 디저트가 당길 때 강력 추천.",
      "recipe": [
        "1. 유자로 청을 만든다.",
        "2. 유자청으로 차를 끓인다."
      ],
      "category": "음료"
    }
  ]
}