{
  "items": [
    {
      "name": "Mepssalgaru",
      "category": "체치기재료"
    },
    {
      "name": "Rice",
      "category": "체치기재료"
    },
    {
      "name": "Ssukgaru",
      "category": "체치기재료"
    },
    {
      "name": "Danhobakgaru",
      "category": "체치기재료"
    },
    {
      "name": "Chapssalgaru",
      "category": "체치기재료"
    },
    {
      "name": "Sugar",
      "category": "반죽재료"
    },
    {
      "name": "Salt",
      "category": "반죽재료"
    },
    {
      "name": "Sieve_Mepssalgaru",
      "category": "반죽재료"
    },
    {
      "name": "Mixing_Mepssalgaru",
      "category": "찌기재료"
    }
  ]
}