{
  "makers": [
    {
      "tag": "Sieve",
      "makerId": "Sieve01",
      "category": "체치기재료",
      "title": "어떤 재료를 체 칠까?",
      "actionLabel": "체로 치기"
    },
    {
      "tag": "Sieve",
      "makerId": "Sieve02",
      "category": "체치기재료",
      "title": "어떤 재료를 체 칠까?",
      "actionLabel": "체로 치기"
    },
    {
      "tag": "Sieve",
      "makerId": "Sieve03",
      "category": "체치기재료",
      "title": "어떤 재료를 체 칠까?",
      "actionLabel": "체로 치기"
    },
    {
      "tag": "Mixing",
      "makerId": "Mixing01",
      "category": "반죽재료",
      "title": "어떤 재료를 반죽할까?",
      "actionLabel": "반죽하기"
    },
    {
      "tag": "Mixing",
      "makerId": "Mixing02",
      "category": "반죽재료",
      "title": "어떤 재료를 반죽할까?",
      "actionLabel": "반죽하기"
    },
    {
      "tag": "Siru",
      "makerId": "Siru01",
      "category": "찌기재료",
      "title": "어떤 재료를 쪄내 볼까?",
      "actionLabel": "찌기"
    },
    {
      "tag": "Siru",
      "makerId": "Siru02",
      "category": "찌기재료",
      "title": "어떤 재료를 쪄내 볼까?",
      "actionLabel": "찌기"
    },
    {
      "tag": "Steamer",
      "makerId": "Steamer01",
      "category": "삶기재료",
      "title": "어떤 재료를 삶을까?",
      "actionLabel": "삶기"
    },
    {
      "tag": "Steamer",
      "makerId": "Steamer02",
      "category": "삶기재료",
      "title": "어떤 재료를 삶을까?",
      "actionLabel": "삶기"
    }
  ]
}